{
  "id": "application_id_232323",
  "clientid": "H053731",
  "env": "prd",
  "level": "cdr_be",
  "version": "202304",
  "data_version": 1,
  "created_on": "08/04/2023",
  "dataset_check_summary": [
    {
      "view_name": "claim",
      "check_name": "place of service code required",
      "check_severity": "MISSING_COLUMN",
      "actual_rows": 10,
      "total_joined_rows": 11,
      "total_rows": 11,
      "bad_rows": 5,
      "clean_rows": 6,
      "bad_row_percent": 45.3464646
    },
    {
      "view_name": "claim",
      "check_name": "claim line claim id is required",
      "check_severity": "HEADER_CHECK_FAILED",
      "actual_rows": 10,
      "total_joined_rows": 11,
      "total_rows": 11,
      "bad_rows": 3,
      "clean_rows": 8,
      "bad_row_percent": 22
    },
    {
      "view_name": "claim",
      "check_name": "subscriber id should be a valid value from member table",
      "check_severity": "ERROR",
      "actual_rows": 10,
      "total_joined_rows": 11,
      "total_rows": 11,
      "bad_rows": 0,
      "clean_rows": 11,
      "bad_row_percent": 0
    },
    {
      "view_name": "member",
      "check_name": "ORIG_SUB_ID is required",
      "check_severity": "WARN",
      "actual_rows": 11,
      "total_joined_rows": 11,
      "total_rows": 11,
      "bad_rows": 1,
      "clean_rows": 10,
      "bad_row_percent": 9
    },
    {
      "view_name": "provider",
      "check_name": "FACETS_PROVIDER_ID is required",
      "check_severity": "WARN",
      "actual_rows": 11,
      "total_joined_rows": 11,
      "total_rows": 11,
      "bad_rows": 1,
      "clean_rows": 10,
      "bad_row_percent": 9
    },
    {
      "view_name": "FACT_ACCOUNT",
      "check_name": "FACT_ACCOUNT is required",
      "check_severity": "WARN",
      "actual_rows": 11,
      "total_joined_rows": 11,
      "total_rows": 11,
      "bad_rows": 8,
      "clean_rows": 2,
      "bad_row_percent": 80
    },
    {
      "view_name": "ZH_DIM_PATIEfNT",
      "check_name": "ZfH_DIM_PATIENT is required",
      "check_severity": "WARN",
      "actual_rows": 11,
      "total_joined_rows": 11,
      "total_rows": 11,
      "bad_rows": 4,
      "clean_rows": 7,
      "bad_row_percent": 30
    },
    {
      "view_name": "ZH_DIM_PATIEfNT",
      "check_name": "ZH_DIM_PATIENT is required",
      "check_severity": "WARN",
      "actual_rows": 11,
      "total_joined_rows": 11,
      "total_rows": 11,
      "bad_rows": 4,
      "clean_rows": 7,
      "bad_row_percent": 30
    },
    {
      "view_name": "ZfH_DIM_PATIENT",
      "check_name": "ZH_DIM_PATIENT is required",
      "check_severity": "WARN",
      "actual_rows": 11,
      "total_joined_rows": 11,
      "total_rows": 11,
      "bad_rows": 4,
      "clean_rows": 7,
      "bad_row_percent": 30
    },
    {
      "view_name": "ZH_DIfM_PATIENT",
      "check_name": "ZH_DIM_PATIENT is required",
      "check_severity": "WARN",
      "actual_rows": 11,
      "total_joined_rows": 11,
      "total_rows": 11,
      "bad_rows": 4,
      "clean_rows": 7,
      "bad_row_percent": 30
    },
    {
      "view_name": "ZH_fDIM_PATIENT",
      "check_name": "ZH_DIM_PATIENT is required",
      "check_severity": "WARN",
      "actual_rows": 11,
      "total_joined_rows": 11,
      "total_rows": 11,
      "bad_rows": 4,
      "clean_rows": 7,
      "bad_row_percent": 30
    },
    {
      "view_name": "ZH_DIfM_PATIENT",
      "check_name": "ZH_DIM_PATIENT is required",
      "check_severity": "WARN",
      "actual_rows": 11,
      "total_joined_rows": 11,
      "total_rows": 11,
      "bad_rows": 4,
      "clean_rows": 7,
      "bad_row_percent": 30
    },
    {
      "view_name": "ZH_DIM_PATIENT",
      "check_name": "ZH_DIM_PATIENT is required",
      "check_severity": "WARN",
      "actual_rows": 11,
      "total_joined_rows": 11,
      "total_rows": 11,
      "bad_rows": 4,
      "clean_rows": 7,
      "bad_row_percent": 30
    },
    {
      "view_name": "ZH_DIM_PAddTIENT",
      "check_name": "ZH_DIM_PATIENT is required",
      "check_severity": "WARN",
      "actual_rows": 11,
      "total_joined_rows": 11,
      "total_rows": 11,
      "bad_rows": 4,
      "clean_rows": 7,
      "bad_row_percent": 30
    },
    {
      "view_name": "ZH_DIM_PATIENdT",
      "check_name": "ZH_DIM_PATIENT is required",
      "check_severity": "WARN",
      "actual_rows": 11,
      "total_joined_rows": 11,
      "total_rows": 11,
      "bad_rows": 4,
      "clean_rows": 7,
      "bad_row_percent": 30
    }
  ],
  "dataset_summary": [
    {
      "view_name": "claim",
      "total_rows": 10,
      "clean_rows": 5,
      "bad_rows": 5,
      "bad_row_percent": 50,
      "accept": false
    },
    {
      "view_name": "member",
      "total_rows": 11,
      "clean_rows": 10,
      "bad_rows": 1,
      "bad_row_percent": 9.090909091,
      "accept": true
    },
    {
      "view_name": "provider",
      "total_rows": 11,
      "clean_rows": 10,
      "bad_rows": 1,
      "bad_row_percent": 9.090909091,
      "accept": true
    },
    {
      "view_name": "FACT_ACCOUNT",
      "total_rows": 11,
      "clean_rows": 10,
      "bad_rows": 1,
      "bad_row_percent": 9.090909091,
      "accept": true
    },
    {
      "view_name": "ZH_DIM_PATIENT",
      "total_rows": 11,
      "clean_rows": 10,
      "bad_rows": 1,
      "bad_row_percent": 9.090909091,
      "accept": false
    },
    {
      "view_name": "ZH_DIM_PATIEfNT",
      "total_rows": 11,
      "clean_rows": 10,
      "bad_rows": 1,
      "bad_row_percent": 9.090909091,
      "accept": false
    },
    {
      "view_name": "ZfH_DIM_PATIENT",
      "total_rows": 11,
      "clean_rows": 10,
      "bad_rows": 1,
      "bad_row_percent": 9.090909091,
      "accept": true
    },
    {
      "view_name": "ZH_DIfM_PATIENT",
      "total_rows": 11,
      "clean_rows": 10,
      "bad_rows": 1,
      "bad_row_percent": 9.090909091,
      "accept": true
    },
    {
      "view_name": "ZH_fDIM_PATIENT",
      "total_rows": 11,
      "clean_rows": 10,
      "bad_rows": 1,
      "bad_row_percent": 9.090909091,
      "accept": true
    },
    {
      "view_name": "ZH_DIfM_PATIENT",
      "total_rows": 11,
      "clean_rows": 10,
      "bad_rows": 1,
      "bad_row_percent": 9.090909091,
      "accept": true
    },
    {
      "view_name": "ZH_DIM_PATIENT",
      "total_rows": 11,
      "clean_rows": 10,
      "bad_rows": 1,
      "bad_row_percent": 9.090909091,
      "accept": true
    },
    {
      "view_name": "ZH_DIM_PAddTIENT",
      "total_rows": 11,
      "clean_rows": 10,
      "bad_rows": 1,
      "bad_row_percent": 9.090909091,
      "accept": true
    },
    {
      "view_name": "ZH_DIM_PATIENdT",
      "total_rows": 11,
      "clean_rows": 10,
      "bad_rows": 1,
      "bad_row_percent": 9.090909091,
      "accept": true
    }
  ]
}
